Date,Closing_Price,Stock
2023-10-17 00:00:00-04:00,188.15020751953125,MMC
2023-10-18 00:00:00-04:00,186.918212890625,MMC
2023-10-19 00:00:00-04:00,188.248779296875,MMC
2023-10-20 00:00:00-04:00,184.9667205810547,MMC
2023-10-23 00:00:00-04:00,183.73472595214844,MMC
2023-10-24 00:00:00-04:00,186.2578582763672,MMC
2023-10-25 00:00:00-04:00,186.15931701660156,MMC
2023-10-26 00:00:00-04:00,184.4246368408203,MMC
2023-10-27 00:00:00-04:00,182.2366485595703,MMC
2023-10-30 00:00:00-04:00,185.55810546875,MMC
2023-10-31 00:00:00-04:00,186.918212890625,MMC
2023-11-01 00:00:00-04:00,187.3124542236328,MMC
2023-11-02 00:00:00-04:00,190.66348266601562,MMC
2023-11-03 00:00:00-04:00,191.1365509033203,MMC
2023-11-06 00:00:00-05:00,191.79690551757812,MMC
2023-11-07 00:00:00-05:00,191.8264923095703,MMC
2023-11-08 00:00:00-05:00,193.8765106201172,MMC
2023-11-09 00:00:00-05:00,195.03952026367188,MMC
2023-11-10 00:00:00-05:00,197.56265258789062,MMC
2023-11-13 00:00:00-05:00,197.2866668701172,MMC
2023-11-14 00:00:00-05:00,195.2366180419922,MMC
2023-11-15 00:00:00-05:00,192.6642303466797,MMC
2023-11-16 00:00:00-05:00,195.4633331298828,MMC
2023-11-17 00:00:00-05:00,195.0099639892578,MMC
2023-11-20 00:00:00-05:00,195.80828857421875,MMC
2023-11-21 00:00:00-05:00,196.18283081054688,MMC
2023-11-22 00:00:00-05:00,197.2866668701172,MMC
2023-11-24 00:00:00-05:00,198.03573608398438,MMC
2023-11-27 00:00:00-05:00,197.35568237304688,MMC
2023-11-28 00:00:00-05:00,194.41859436035156,MMC
2023-11-29 00:00:00-05:00,193.50198364257812,MMC
2023-11-30 00:00:00-05:00,196.5474853515625,MMC
2023-12-01 00:00:00-05:00,194.55657958984375,MMC
2023-12-04 00:00:00-05:00,194.50730895996094,MMC
2023-12-05 00:00:00-05:00,193.521728515625,MMC
2023-12-06 00:00:00-05:00,192.6149444580078,MMC
2023-12-07 00:00:00-05:00,192.6346893310547,MMC
2023-12-08 00:00:00-05:00,192.8515167236328,MMC
2023-12-11 00:00:00-05:00,195.78857421875,MMC
2023-12-12 00:00:00-05:00,198.2525634765625,MMC
2023-12-13 00:00:00-05:00,198.95233154296875,MMC
2023-12-14 00:00:00-05:00,188.51487731933594,MMC
2023-12-15 00:00:00-05:00,184.4246368408203,MMC
2023-12-18 00:00:00-05:00,187.026611328125,MMC
2023-12-19 00:00:00-05:00,185.055419921875,MMC
2023-12-20 00:00:00-05:00,182.7195587158203,MMC
2023-12-21 00:00:00-05:00,184.12896728515625,MMC
2023-12-22 00:00:00-05:00,185.19342041015625,MMC
2023-12-26 00:00:00-05:00,184.79917907714844,MMC
2023-12-27 00:00:00-05:00,185.79461669921875,MMC
2023-12-28 00:00:00-05:00,186.07058715820312,MMC
2023-12-29 00:00:00-05:00,186.74081420898438,MMC
2024-01-02 00:00:00-05:00,187.4307098388672,MMC
2024-01-03 00:00:00-05:00,188.56417846679688,MMC
2024-01-04 00:00:00-05:00,188.73170471191406,MMC
2024-01-05 00:00:00-05:00,188.091064453125,MMC
2024-01-08 00:00:00-05:00,188.8401336669922,MMC
2024-01-09 00:00:00-05:00,188.33746337890625,MMC
2024-01-10 00:00:00-05:00,189.66802978515625,MMC
2024-01-11 00:00:00-05:00,190.0819854736328,MMC
2024-01-12 00:00:00-05:00,193.11761474609375,MMC
2024-01-16 00:00:00-05:00,192.831787109375,MMC
2024-01-17 00:00:00-05:00,193.5118408203125,MMC
2024-01-18 00:00:00-05:00,195.62103271484375,MMC
2024-01-19 00:00:00-05:00,196.2321014404297,MMC
2024-01-22 00:00:00-05:00,195.5815887451172,MMC
2024-01-23 00:00:00-05:00,196.2517852783203,MMC
2024-01-24 00:00:00-05:00,196.52874755859375,MMC
2024-01-25 00:00:00-05:00,189.01141357421875,MMC
2024-01-26 00:00:00-05:00,190.89077758789062,MMC
2024-01-29 00:00:00-05:00,188.9125213623047,MMC
2024-01-30 00:00:00-05:00,190.93032836914062,MMC
2024-01-31 00:00:00-05:00,191.73150634765625,MMC
2024-02-01 00:00:00-05:00,191.6326141357422,MMC
2024-02-02 00:00:00-05:00,191.25674438476562,MMC
2024-02-05 00:00:00-05:00,190.14891052246094,MMC
2024-02-06 00:00:00-05:00,192.3843231201172,MMC
2024-02-07 00:00:00-05:00,193.6009521484375,MMC
2024-02-08 00:00:00-05:00,194.65931701660156,MMC
2024-02-09 00:00:00-05:00,195.7572479248047,MMC
2024-02-12 00:00:00-05:00,194.0559539794922,MMC
2024-02-13 00:00:00-05:00,194.33290100097656,MMC
2024-02-14 00:00:00-05:00,195.56930541992188,MMC
2024-02-15 00:00:00-05:00,198.80374145507812,MMC
2024-02-16 00:00:00-05:00,198.12124633789062,MMC
2024-02-20 00:00:00-05:00,198.704833984375,MMC
2024-02-21 00:00:00-05:00,197.65635681152344,MMC
2024-02-22 00:00:00-05:00,202.0381622314453,MMC
2024-02-23 00:00:00-05:00,201.43479919433594,MMC
2024-02-26 00:00:00-05:00,201.28643798828125,MMC
2024-02-27 00:00:00-05:00,201.01937866210938,MMC
2024-02-28 00:00:00-05:00,203.83837890625,MMC
2024-02-29 00:00:00-05:00,200.06982421875,MMC
2024-03-01 00:00:00-05:00,199.80276489257812,MMC
2024-03-04 00:00:00-05:00,199.68406677246094,MMC
2024-03-05 00:00:00-05:00,199.70384216308594,MMC
2024-03-06 00:00:00-05:00,201.42491149902344,MMC
2024-03-07 00:00:00-05:00,202.06784057617188,MMC
2024-03-08 00:00:00-05:00,202.91847229003906,MMC
2024-03-11 00:00:00-04:00,203.71969604492188,MMC
2024-03-12 00:00:00-04:00,205.0945587158203,MMC
2024-03-13 00:00:00-04:00,205.63856506347656,MMC
2024-03-14 00:00:00-04:00,205.48031616210938,MMC
2024-03-15 00:00:00-04:00,204.09555053710938,MMC
2024-03-18 00:00:00-04:00,204.64944458007812,MMC
2024-03-19 00:00:00-04:00,204.4318389892578,MMC
2024-03-20 00:00:00-04:00,204.204345703125,MMC
2024-03-21 00:00:00-04:00,203.19544982910156,MMC
2024-03-22 00:00:00-04:00,202.19642639160156,MMC
2024-03-25 00:00:00-04:00,200.87100219726562,MMC
2024-03-26 00:00:00-04:00,201.15785217285156,MMC
2024-03-27 00:00:00-04:00,203.3734893798828,MMC
2024-03-28 00:00:00-04:00,203.7394561767578,MMC
2024-04-01 00:00:00-04:00,201.6721954345703,MMC
2024-04-02 00:00:00-04:00,200.87100219726562,MMC
2024-04-03 00:00:00-04:00,201.99264526367188,MMC
2024-04-04 00:00:00-04:00,199.26300048828125,MMC
2024-04-05 00:00:00-04:00,204.05723571777344,MMC
2024-04-08 00:00:00-04:00,202.76686096191406,MMC
2024-04-09 00:00:00-04:00,202.81649780273438,MMC
2024-04-10 00:00:00-04:00,199.68980407714844,MMC
2024-04-11 00:00:00-04:00,197.7145538330078,MMC
2024-04-12 00:00:00-04:00,196.6028594970703,MMC
2024-04-15 00:00:00-04:00,195.85841369628906,MMC
2024-04-16 00:00:00-04:00,194.83602905273438,MMC
2024-04-17 00:00:00-04:00,196.15618896484375,MMC
2024-04-18 00:00:00-04:00,200.23573303222656,MMC
2024-04-19 00:00:00-04:00,200.91070556640625,MMC
2024-04-22 00:00:00-04:00,199.93795776367188,MMC
2024-04-23 00:00:00-04:00,200.2158966064453,MMC
2024-04-24 00:00:00-04:00,199.46151733398438,MMC
2024-04-25 00:00:00-04:00,199.97767639160156,MMC
2024-04-26 00:00:00-04:00,196.48374938964844,MMC
2024-04-29 00:00:00-04:00,197.00982666015625,MMC
2024-04-30 00:00:00-04:00,197.95277404785156,MMC
2024-05-01 00:00:00-04:00,198.29026794433594,MMC
2024-05-02 00:00:00-04:00,197.88330078125,MMC
2024-05-03 00:00:00-04:00,197.79397583007812,MMC
2024-05-06 00:00:00-04:00,200.02731323242188,MMC
2024-05-07 00:00:00-04:00,202.20108032226562,MMC
2024-05-08 00:00:00-04:00,202.08197021484375,MMC
2024-05-09 00:00:00-04:00,203.3227081298828,MMC
2024-05-10 00:00:00-04:00,204.02745056152344,MMC
2024-05-13 00:00:00-04:00,204.02745056152344,MMC
2024-05-14 00:00:00-04:00,203.55101013183594,MMC
2024-05-15 00:00:00-04:00,204.8016815185547,MMC
2024-05-16 00:00:00-04:00,207.5908660888672,MMC
2024-05-17 00:00:00-04:00,208.4147186279297,MMC
2024-05-20 00:00:00-04:00,207.6107177734375,MMC
2024-05-21 00:00:00-04:00,208.37501525878906,MMC
2024-05-22 00:00:00-04:00,209.2584228515625,MMC
2024-05-23 00:00:00-04:00,206.4493865966797,MMC
2024-05-24 00:00:00-04:00,206.35012817382812,MMC
2024-05-28 00:00:00-04:00,202.4591522216797,MMC
2024-05-29 00:00:00-04:00,200.46405029296875,MMC
2024-05-30 00:00:00-04:00,202.88597106933594,MMC
2024-05-31 00:00:00-04:00,206.04241943359375,MMC
2024-06-03 00:00:00-04:00,204.98033142089844,MMC
2024-06-04 00:00:00-04:00,206.9456787109375,MMC
2024-06-05 00:00:00-04:00,206.58834838867188,MMC
2024-06-06 00:00:00-04:00,206.71737670898438,MMC
2024-06-07 00:00:00-04:00,208.4345703125,MMC
2024-06-10 00:00:00-04:00,208.057373046875,MMC
2024-06-11 00:00:00-04:00,208.26583862304688,MMC
2024-06-12 00:00:00-04:00,208.92092895507812,MMC
2024-06-13 00:00:00-04:00,207.9481964111328,MMC
2024-06-14 00:00:00-04:00,207.33277893066406,MMC
2024-06-17 00:00:00-04:00,209.95323181152344,MMC
2024-06-18 00:00:00-04:00,211.1443328857422,MMC
2024-06-20 00:00:00-04:00,213.40745544433594,MMC
2024-06-21 00:00:00-04:00,212.8118896484375,MMC
2024-06-24 00:00:00-04:00,214.1519012451172,MMC
2024-06-25 00:00:00-04:00,210.64804077148438,MMC
2024-06-26 00:00:00-04:00,209.22862243652344,MMC
2024-06-27 00:00:00-04:00,209.3775177001953,MMC
2024-06-28 00:00:00-04:00,209.15914916992188,MMC
2024-07-01 00:00:00-04:00,208.69264221191406,MMC
2024-07-02 00:00:00-04:00,210.4197540283203,MMC
2024-07-03 00:00:00-04:00,211.322998046875,MMC
2024-07-05 00:00:00-04:00,212.33546447753906,MMC
2024-07-08 00:00:00-04:00,212.6729278564453,MMC
2024-07-09 00:00:00-04:00,210.2311553955078,MMC
2024-07-10 00:00:00-04:00,213.27841186523438,MMC
2024-07-11 00:00:00-04:00,215.73011779785156,MMC
2024-07-12 00:00:00-04:00,216.73265075683594,MMC
2024-07-15 00:00:00-04:00,216.85174560546875,MMC
2024-07-16 00:00:00-04:00,217.2884979248047,MMC
2024-07-17 00:00:00-04:00,219.02552795410156,MMC
2024-07-18 00:00:00-04:00,215.8095245361328,MMC
2024-07-19 00:00:00-04:00,215.14450073242188,MMC
2024-07-22 00:00:00-04:00,217.40760803222656,MMC
2024-07-23 00:00:00-04:00,217.4175262451172,MMC
2024-07-24 00:00:00-04:00,215.86907958984375,MMC
2024-07-25 00:00:00-04:00,215.26629638671875,MMC
2024-07-26 00:00:00-04:00,217.16929626464844,MMC
2024-07-29 00:00:00-04:00,218.83316040039062,MMC
2024-07-30 00:00:00-04:00,221.60293579101562,MMC
2024-07-31 00:00:00-04:00,221.7523956298828,MMC
2024-08-01 00:00:00-04:00,223.78489685058594,MMC
2024-08-02 00:00:00-04:00,223.1273193359375,MMC
2024-08-05 00:00:00-04:00,215.49545288085938,MMC
2024-08-06 00:00:00-04:00,216.41209411621094,MMC
2024-08-07 00:00:00-04:00,217.28884887695312,MMC
2024-08-08 00:00:00-04:00,218.58407592773438,MMC
2024-08-09 00:00:00-04:00,219.25160217285156,MMC
2024-08-12 00:00:00-04:00,216.55157470703125,MMC
2024-08-13 00:00:00-04:00,216.71096801757812,MMC
2024-08-14 00:00:00-04:00,220.23797607421875,MMC
2024-08-15 00:00:00-04:00,220.43724060058594,MMC
2024-08-16 00:00:00-04:00,221.09481811523438,MMC
2024-08-19 00:00:00-04:00,222.36013793945312,MMC
2024-08-20 00:00:00-04:00,223.30667114257812,MMC
2024-08-21 00:00:00-04:00,223.48599243164062,MMC
2024-08-22 00:00:00-04:00,224.64173889160156,MMC
2024-08-23 00:00:00-04:00,222.49964904785156,MMC
2024-08-26 00:00:00-04:00,223.5358123779297,MMC
2024-08-27 00:00:00-04:00,225.48861694335938,MMC
2024-08-28 00:00:00-04:00,225.10003662109375,MMC
2024-08-29 00:00:00-04:00,226.22589111328125,MMC
2024-08-30 00:00:00-04:00,226.6742401123047,MMC
2024-09-03 00:00:00-04:00,228.18865966796875,MMC
2024-09-04 00:00:00-04:00,230.56988525390625,MMC
2024-09-05 00:00:00-04:00,227.62075805664062,MMC
2024-09-06 00:00:00-04:00,227.01300048828125,MMC
2024-09-09 00:00:00-04:00,229.73297119140625,MMC
2024-09-10 00:00:00-04:00,230.9883270263672,MMC
2024-09-11 00:00:00-04:00,228.2384796142578,MMC
2024-09-12 00:00:00-04:00,229.1849822998047,MMC
2024-09-13 00:00:00-04:00,228.8362579345703,MMC
2024-09-16 00:00:00-04:00,230.32080078125,MMC
2024-09-17 00:00:00-04:00,227.23219299316406,MMC
2024-09-18 00:00:00-04:00,225.35910034179688,MMC
2024-09-19 00:00:00-04:00,223.78489685058594,MMC
2024-09-20 00:00:00-04:00,222.72879028320312,MMC
2024-09-23 00:00:00-04:00,223.74505615234375,MMC
2024-09-24 00:00:00-04:00,222.41993713378906,MMC
2024-09-25 00:00:00-04:00,223.05758666992188,MMC
2024-09-26 00:00:00-04:00,222.97787475585938,MMC
2024-09-27 00:00:00-04:00,223.1173553466797,MMC
2024-09-30 00:00:00-04:00,222.27047729492188,MMC
2024-10-01 00:00:00-04:00,221.97157287597656,MMC
2024-10-02 00:00:00-04:00,222.27047729492188,MMC
2024-10-03 00:00:00-04:00,221.0449981689453,MMC
2024-10-04 00:00:00-04:00,222.16000366210938,MMC
2024-10-07 00:00:00-04:00,219.77999877929688,MMC
2024-10-08 00:00:00-04:00,223.97000122070312,MMC
2024-10-09 00:00:00-04:00,226.75999450683594,MMC
2024-10-10 00:00:00-04:00,223.52999877929688,MMC
2024-10-11 00:00:00-04:00,225.0500030517578,MMC
2024-10-14 00:00:00-04:00,227.52000427246094,MMC
2024-10-15 00:00:00-04:00,226.05999755859375,MMC
