CUSTOMER_ID,SEGMENT_ID
7830,1
977,17
902,14
3913,7
3768,14
377,18
1258,20
667,18
8843,11
6624,14
1711,19
609,13
2686,8
3050,20
8620,21
6245,25
4230,20
4998,4
9675,18
9470,13
681,21
8094,21
7431,11
9804,22
8891,21
8483,3
5363,23
2196,18
8803,23
7522,10
7370,23
8566,4
337,14
7399,9
898,2
766,12
725,6
3920,15
3014,22
4041,23
4603,25
6903,17
914,14
8078,16
8043,8
8143,3
5419,20
5902,24
6182,15
4611,5
5418,14
3239,13
285,8
5837,16
4046,24
5872,5
8646,1
5813,20
8511,8
5510,6
5438,7
9883,9
7300,19
3876,23
9895,23
7731,11
3540,9
9469,19
4745,14
7870,7
6558,3
4807,21
5631,17
1552,19
7604,8
2592,5
773,21
8174,16
2749,20
4542,25
9050,16
7378,14
7297,4
1017,7
3354,25
2736,15
7367,12
8090,4
1465,22
7568,1
8867,22
3387,4
9913,16
3843,17
5876,3
7898,16
7202,15
9753,1
8578,20
4515,20
974,9
5519,2
5164,14
8525,21
9994,19
2506,9
9411,21
9173,18
1212,22
8777,12
443,9
2428,25
4649,7
9346,21
634,7
8488,12
2996,10
957,20
2465,10
7394,21
3866,11
1135,4
8530,21
3760,16
1981,12
3600,13
4818,17
7848,15
5864,9
1940,7
1921,13
357,21
210,21
4743,10
2249,4
9161,23
8350,8
9622,21
7821,11
6757,23
5955,3
6597,2
1333,12
3635,15
2076,10
7488,25
6961,15
9869,1
6729,17
2271,21
4748,5
8732,6
4475,17
8979,11
1188,13
4639,18
3000,10
2552,25
2536,10
4901,14
7279,10
329,25
4165,20
115,21
2114,22
7901,8
6379,11
142,13
833,5
7862,21
2667,24
2745,8
5488,7
6612,12
2194,15
3462,10
9083,21
1899,13
2347,5
8348,13
5774,10
3521,16
8004,17
6311,10
785,16
3733,17
4838,11
8533,18
9479,14
5887,20
1385,20
4350,17
5890,24
1452,24
9810,13
3588,16
8833,19
6943,5
5178,15
4795,5
7788,5
3900,2
6940,16
1985,19
8629,11
5657,2
5784,20
7466,1
4655,2
6367,25
2668,7
4208,9
1534,25
7201,1
5140,1
9850,23
5289,5
3132,2
3753,14
2331,22
3255,24
5155,24
3581,18
6939,9
4519,20
3622,9
2144,10
2650,17
8493,8
9444,6
65,7
7047,5
9873,16
2262,9
6418,2
4609,10
5896,5
4716,10
1120,12
2909,16
700,8
5311,5
6951,4
6915,14
5068,15
5107,13
1575,20
5514,15
363,16
4065,9
3649,25
360,16
9683,21
9723,21
5394,14
5223,19
980,10
6929,20
7746,3
5346,7
7181,18
4221,25
9986,7
8738,11
8925,23
7758,5
4520,4
9497,16
3557,19
3222,18
6675,25
2531,24
824,25
5795,10
9942,22
6025,3
8839,11
8336,16
8303,12
4484,14
782,6
1471,14
1651,23
5194,1
6704,20
3321,5
4029,21
6536,6
6261,8
5122,4
3951,24
4858,17
9901,16
3776,6
448,2
937,7
1888,19
813,11
1450,25
5871,8
4231,18
4751,9
651,3
2951,25
3625,19
9909,21
6096,16
501,1
4521,18
2478,24
7813,18
7063,4
7121,21
8591,16
9119,21
5026,23
9996,13
5079,13
3212,18
326,4
3648,20
3303,24
7654,13
6516,4
7352,17
4323,21
6191,10
4793,12
5200,17
8557,22
905,5
1698,18
5777,16
6485,18
5859,10
698,11
995,20
2230,8
3765,14
5053,11
1931,2
8558,13
9612,1
282,1
8564,10
6498,13
7931,11
4709,2
3644,16
2037,24
2516,10
7027,4
1377,4
9285,17
4027,4
172,23
2685,6
5398,25
6280,9
7659,16
368,3
9419,11
1825,15
655,8
5499,13
2269,9
6209,21
6495,13
7505,20
3856,24
2318,10
5198,3
1238,15
689,4
6395,4
6739,6
9975,16
8812,15
5307,17
3416,8
2831,23
2550,23
4429,10
3327,9
9630,11
4777,5
4213,19
6420,10
6405,3
3172,20
3523,24
1363,12
6774,20
9300,8
5474,14
1083,25
9983,3
8201,9
5647,20
4925,5
5245,5
4828,7
2500,13
150,21
4006,22
9322,18
659,2
9604,14
562,23
4741,8
6072,13
3816,10
7196,19
6128,14
4509,19
5505,15
7792,1
550,3
9722,8
8291,21
4222,19
9262,16
5861,5
3248,9
7274,5
2826,6
7536,13
2379,23
9332,5
2659,23
4216,16
5936,15
4391,24
6787,1
9037,11
7054,14
1398,18
3888,21
6483,12
3936,12
7360,2
8202,18
4725,1
4927,10
896,2
9002,11
7883,23
4581,7
6160,15
2116,24
2105,9
8694,16
3686,16
4236,5
1725,5
1887,17
2100,2
274,23
7953,19
1987,24
5340,25
1511,14
4441,4
6697,17
5303,16
5381,14
8331,4
6447,25
906,4
2199,4
1190,9
89,10
9308,8
1206,12
1488,25
9993,13
3090,17
8878,1
7460,15
5988,24
2334,14
887,9
768,8
8357,14
6010,3
7052,5
6681,14
9324,8
6257,17
1669,17
3163,6
8332,16
3589,16
2142,25
901,15
2910,21
7588,4
6566,7
1742,19
1852,8
7753,21
2152,20
1419,7
6444,13
289,14
1586,24
7800,1
7022,13
7704,4
7216,6
4203,10
6459,6
893,4
4849,1
1789,15
1995,5
7635,23
8117,18
4123,21
9609,20
7624,20
7169,19
4283,4
7206,14
4516,10
8658,11
1712,18
3481,11
5323,20
8814,23
6048,16
9504,18
2218,10
4218,2
4730,11
2339,8
4304,5
9544,7
9501,21
2759,21
5856,5
4847,22
2649,24
8573,2
7125,13
4855,1
5791,22
4388,22
2424,21
3497,8
9559,1
9187,21
5615,14
1787,12
495,11
701,8
9588,1
2057,4
7396,1
5226,25
5512,6
4845,23
8522,11
7999,8
5475,12
7863,21
6857,15
9186,3
7436,12
2801,15
4857,19
5528,15
3818,15
7354,18
5202,2
6818,10
973,7
1719,15
9998,1
6058,24
1950,24
6375,22
3370,25
4808,25
8546,6
7435,10
1506,2
9138,14
1727,14
7991,13
1250,5
9174,22
7265,8
1759,20
4168,20
1822,22
2800,19
33,18
396,15
4425,21
7562,8
7614,6
7686,19
9908,24
6844,20
7351,22
9475,2
5442,17
3966,23
6202,13
6425,11
8053,17
8675,16
1416,10
3066,11
7097,16
5667,24
2564,3
685,1
1721,15
5306,1
8768,3
3006,4
7981,21
5211,13
8472,23
5619,17
243,13
5421,20
5603,15
2357,9
3260,20
2468,8
1307,5
5842,4
7432,23
9793,16
4399,11
9826,6
5116,22
1283,3
571,15
7724,6
7571,13
9034,11
375,8
7802,2
5148,7
1295,5
3657,11
1209,12
4966,5
7127,4
7872,23
4589,17
6501,9
7159,12
7296,5
3990,5
5493,15
1821,13
8088,19
4859,16
2323,3
2903,5
2186,5
6730,16
3246,7
2924,22
8935,11
1970,25
5966,24
9102,18
9693,16
4071,15
7540,21
1632,7
4728,2
3887,21
6335,20
9085,11
8631,17
9233,20
9911,6
3959,12
5691,3
1293,23
325,23
6790,13
6707,16
5685,14
6166,4
5051,18
7455,19
7409,23
4891,21
341,23
7631,25
8609,6
3807,20
4796,16
8215,16
3505,3
7098,2
861,9
598,13
202,11
7593,3
4093,5
816,16
770,13
2727,13
6600,3
7430,2
2730,25
5668,16
9316,16
2471,1
4563,25
7967,15
8823,1
845,19
3606,2
8735,6
5970,4
9488,11
9239,18
6762,5
8180,21
6121,3
2625,5
2853,2
7965,8
9673,19
8771,3
3472,8
6089,14
5973,11
5009,23
7751,13
4587,19
2375,11
6396,15
3394,21
8670,7
7499,8
9269,13
4040,9
6778,9
7948,21
7696,1
23,23
7776,9
8099,4
5993,21
8588,11
404,8
1233,14
1440,9
8612,11
9661,16
4348,10
6706,2
810,12
4308,20
8514,4
8243,3
3322,14
9732,16
5478,14
90,15
5304,19
9916,6
3178,12
6070,19
842,15
7178,8
4801,23
4522,17
2050,17
7481,5
7142,25
6465,7
5469,11
2382,1
3740,2
8885,21
5498,20
2867,14
8899,11
3836,8
6076,23
406,17
9531,11
5531,9
9403,13
8586,16
5430,13
7451,18
7375,2
5679,22
6788,1
2376,3
7968,8
6147,9
9995,13
1631,15
3755,14
352,16
7607,1
1898,14
1953,18
1367,12
3977,18
1765,25
1287,7
4970,24
8585,6
3336,14
7199,25
6876,4
1993,18
136,21
4387,15
2587,20
7075,12
5729,5
2972,5
1047,19
4440,9
8193,1
7473,22
2102,17
4241,13
9261,21
7251,4
7382,5
3273,25
9401,17
4613,21
5384,18
2510,13
7688,6
3421,4
4757,10
5354,6
5636,20
8379,1
7629,17
6684,9
5844,16
8018,6
3809,18
3666,20
4060,25
3737,2
129,24
6837,21
3170,23
8647,12
5689,22
5862,15
1456,9
9388,1
2419,2
7768,6
4973,10
5480,5
4834,5
3018,12
9660,16
3923,5
4072,5
1062,12
5950,3
6547,7
7448,5
4034,14
9948,11
3220,17
3568,7
3708,17
6262,24
5414,6
6622,20
5337,22
8405,11
7039,21
49,13
803,13
4697,6
8175,1
5126,20
1791,20
9920,2
5652,1
2890,15
4691,24
9536,25
224,23
6972,8
1105,25
9437,3
9041,11
3802,17
5031,23
9679,23
3551,13
5611,14
6537,25
9814,11
6445,17
5605,10
9418,21
3573,20
5811,11
5172,20
3670,17
7811,18
2026,25
7975,16
1594,19
9789,1
8450,25
6804,4
2711,18
6508,19
5956,9
6957,4
2402,12
1811,12
214,21
9928,13
3538,14
249,3
7235,21
7720,11
3373,12
8759,3
5591,11
3203,11
8772,21
4832,20
7210,20
9184,16
1421,5
6736,24
7558,14
3467,19
4249,4
7598,6
6091,24
7096,7
6309,9
4136,25
8345,1
7734,21
3771,12
1177,15
6254,16
5426,8
7405,16
5624,1
6441,3
8952,21
9131,19
4143,3
8583,21
7085,8
7627,2
9980,1
8976,3
6362,16
2066,4
465,1
5369,13
2937,9
8594,23
8066,6
9783,1
3251,11
5409,4
3642,5
1644,25
1463,2
862,12
8453,23
6669,17
117,11
7876,18
3049,11
5821,10
433,21
8246,6
6149,5
1197,4
7422,5
7739,8
941,4
7082,20
1997,5
7207,20
9782,1
9852,21
858,8
1338,8
1391,5
426,6
9249,9
4530,20
6229,10
6805,5
2527,13
9650,9
3582,2
37,1
5388,8
7866,6
7062,7
410,3
690,18
4073,19
4068,5
6028,19
1622,10
6898,3
1075,20
4705,18
6341,25
2636,5
4861,11
4677,17
7208,1
5001,19
7191,15
4300,12
7842,3
1583,8
721,16
3787,1
3999,7
923,20
1998,13
3432,24
5185,13
2588,4
5464,14
8234,14
7100,5
2092,4
956,4
4229,24
6203,23
4902,5
457,9
7988,15
6546,17
1866,5
2283,8
4366,19
209,18
3947,14
3683,2
6047,9
617,6
99,18
592,24
4826,10
1591,24
7616,6
5269,5
2440,17
260,11
9587,6
4288,24
3484,14
183,17
616,16
2285,2
32,13
5003,15
7038,22
2706,25
7183,8
3152,15
969,7
6017,2
8178,6
2277,8
7140,5
3978,25
8712,17
8539,16
2280,23
7326,4
4392,3
6316,9
1262,9
4679,15
9751,12
8998,1
5576,3
9358,22
4156,15
4911,21
7276,12
104,9
72,21
623,8
8280,3
876,19
7519,7
5114,13
3144,21
9618,7
8900,1
4551,9
5207,15
5759,5
6398,11
5117,17
5815,3
9591,6
4106,4
7891,1
7980,6
7387,13
9927,12
9150,11
5240,23
9194,21
7569,13
7133,1
8394,8
692,19
6750,2
1006,25
5870,9
6337,18
6767,10
1928,4
4028,19
5874,5
1346,9
5098,7
9785,21
6999,25
1426,20
4917,1
8009,24
8347,23
5266,20
6708,13
7858,1
2335,6
2300,25
1513,17
3037,6
8548,1
2236,22
9521,3
9709,25
348,1
7687,21
5939,24
7486,20
5802,9
2367,11
7939,17
6039,9
5965,13
5273,11
7583,2
4673,21
2151,10
9259,21
5617,17
875,4
2128,15
7520,24
7271,6
8781,21
728,11
5441,7
7198,3
1087,15
5072,5
1354,8
1544,12
1758,15
5946,20
7680,22
4470,1
9647,21
411,18
6569,23
177,12
9641,13
4464,15
9439,19
5473,24
6346,9
1655,8
2053,15
2483,5
1289,23
8682,24
1322,20
2400,23
2718,10
5385,25
808,8
9166,10
4890,24
6860,4
6633,21
114,21
3451,9
8448,8
97,13
223,4
3904,20
2953,19
1434,4
374,10
9223,6
5893,7
5623,13
3156,20
3778,20
3988,5
4257,24
2446,25
9575,24
4566,6
6358,17
9320,8
4723,8
5564,1
3412,5
1292,5
6613,20
8425,21
8870,21
5139,12
6056,25
9749,21
6103,6
1397,24
3494,24
7553,6
939,2
8000,13
8643,3
9724,11
7570,2
399,18
7012,18
4823,23
2423,4
7671,23
2955,10
2233,25
2333,11
5561,7
8156,9
3698,19
4035,16
435,11
5753,10
7347,5
4277,19
9218,16
2368,15
8786,20
8298,11
2329,1
7938,16
8106,7
52,19
1001,5
118,16
1633,23
9512,14
3151,14
3655,14
4419,25
1558,9
1666,5
9373,3
6296,5
7527,5
9952,16
4302,14
82,11
6843,5
904,24
1093,4
5231,8
6769,5
3140,21
6625,23
8571,22
7508,22
8130,1
6033,21
3789,13
7706,7
7080,23
3487,18
7826,1
2532,9
2110,5
3790,18
7801,21
4472,6
6771,5
6655,15
7814,13
9863,18
57,11
1148,19
3974,19
253,22
3314,2
3799,1
4361,25
5184,5
6702,24
7111,14
4851,22
9013,18
5745,4
1979,9
1936,20
8619,11
9813,14
2906,6
2150,25
3324,11
3935,3
1781,16
857,22
8584,6
9876,9
2640,2
1621,22
6570,24
8913,7
6800,9
1196,7
2316,9
4469,16
144,4
1747,4
714,6
3316,24
6958,14
2447,15
6871,19
6758,13
6867,3
2966,2
9760,6
4978,1
8731,21
9692,15
1778,18
3983,24
1370,3
1662,25
1329,8
2296,24
4005,25
1239,3
7949,23
5515,25
459,11
4809,23
3391,5
3080,4
4514,12
6373,2
2905,15
9960,22
9589,11
5406,4
2342,25
9139,2
4358,1
5427,14
8912,2
8152,12
6328,17
8531,21
1073,25
4856,22
6392,8
8880,23
4968,15
2203,23
1514,4
3968,10
4623,11
7846,19
2874,15
618,16
3924,4
3719,12
9568,17
5841,6
5331,14
1152,15
5112,15
3646,25
3155,18
6521,2
5208,7
5147,11
5465,22
5660,25
4077,3
6290,20
1165,15
3085,17
2866,8
2920,20
6792,12
828,12
1752,22
3777,18
9699,6
2622,12
8734,11
2301,4
8927,22
4672,10
3602,10
9636,3
2181,10
5781,17
470,16
7381,3
4800,19
970,24
7878,24
8668,3
6152,1
256,4
2028,14
4491,8
5165,7
1464,8
1304,5
7303,11
746,21
5847,14
1439,20
2320,5
1432,4
5134,15
2754,24
7864,16
6126,5
385,23
4144,2
1626,13
5130,22
4435,9
8551,6
34,24
2860,15
846,2
8466,16
1636,2
546,1
731,19
4059,8
1826,15
8765,7
7269,24
2158,3
8676,4
4554,18
2397,22
1729,20
1243,25
4761,11
245,21
6026,3
5560,1
9713,8
8304,2
7091,8
8260,18
626,7
2013,17
318,6
1167,24
15,25
9090,6
7775,25
8219,15
1932,19
3690,21
3552,9
5282,25
5536,7
2787,5
157,11
3183,4
5244,14
4247,24
1466,4
4287,15
3450,2
3004,4
2770,6
179,12
3293,21
938,17
6724,6
3837,4
1599,2
7757,17
6477,19
955,20
1098,20
6095,2
3345,23
4814,13
1816,10
2849,14
2167,18
9001,11
3528,13
4453,25
5914,18
693,18
7532,6
1220,19
484,9
8064,6
9004,21
1285,7
6841,25
5450,13
297,2
9880,4
5494,7
5758,12
4452,17
8608,1
6906,19
9051,6
8850,16
613,16
7446,20
9532,16
6944,15
9199,23
5087,13
5151,1
7137,5
345,18
6449,15
46,9
6020,22
6922,18
1255,25
3002,23
3098,14
1494,19
8553,17
2572,20
331,14
8342,11
203,16
6775,4
3096,21
6928,7
8429,1
5713,15
9365,7
238,11
5709,14
1230,10
9825,13
6001,17
8592,11
5481,2
8038,7
6463,23
6712,2
9729,11
313,11
5869,15
2093,15
8104,21
422,11
4199,15
8444,11
4850,16
5940,2
7429,11
5520,13
8309,4
8041,22
5030,5
6434,9
9796,16
5456,15
7911,6
9288,22
2183,4
394,13
4529,13
936,19
4211,12
6887,25
343,8
5186,20
3009,9
29,4
8443,3
6041,5
4459,15
8762,8
9672,7
4214,2
1365,18
1663,19
4946,12
9281,19
1694,25
9434,10
7843,18
2827,14
3871,3
6937,5
7667,24
6455,19
6332,24
5297,23
8825,22
5389,12
1158,17
9417,16
7180,4
7769,6
2512,4
9093,8
4457,25
6468,7
2784,13
7892,16
930,4
2865,4
8013,6
4546,5
2834,12
8330,10
5309,1
3879,20
5365,4
8082,14
1614,5
5546,22
6329,17
80,1
3446,10
9877,13
9695,1
5948,17
2017,13
7386,20
1008,20
5445,24
7469,12
2854,3
1447,25
5598,22
2321,5
4667,18
927,14
497,21
9118,21
632,21
3093,16
4806,18
8700,11
492,3
9461,24
6,11
5998,14
1435,24
679,11
7016,4
1495,14
1124,14
11,1
3186,8
5907,25
1860,22
2295,22
1574,10
851,4
5537,23
3480,1
3403,7
5875,3
190,2
6801,23
8977,18
1532,15
7456,3
1302,25
8674,23
7663,16
184,9
8341,1
298,23
1615,14
6743,1
6085,11
6755,3
2298,21
3694,25
8776,18
1508,24
4590,4
8656,1
2836,9
8432,3
382,21
1589,22
2078,4
2961,10
7618,16
7236,6
1717,15
5292,7
4988,15
3358,17
9666,16
9030,18
2626,17
8951,23
2703,10
1796,20
9012,17
723,11
5463,15
3929,21
1058,24
9126,16
3566,5
4454,20
7397,1
6151,19
5407,2
780,16
4178,14
7621,6
263,5
6610,19
5739,18
1297,10
6320,4
1761,25
4427,6
4207,6
4815,24
2603,25
854,17
9222,7
3365,1
2957,11
4604,25
853,12
2362,18
3640,15
1930,12
6587,12
3136,8
3302,5
9925,17
3647,5
7424,15
4977,7
6029,22
1779,7
6195,24
1362,18
553,18
6802,9
7025,24
9827,6
2340,1
2526,21
1111,18
7242,25
5895,5
631,8
2913,5
9412,6
922,20
8192,6
3154,15
7101,10
2756,3
9156,21
293,18
402,13
1961,5
1709,10
3735,10
8613,13
8545,16
6333,20
4839,18
5333,16
8133,11
2442,8
2029,7
6879,6
5851,7
1011,10
7910,23
5241,18
8627,6
5232,3
533,21
3680,11
4182,4
7909,21
8172,23
5277,12
9143,8
5835,22
2299,4
7055,19
1886,14
1639,13
1577,24
4610,24
4874,25
1387,4
9688,1
6694,13
5015,1
7200,24
5962,18
3729,9
2477,25
9696,1
7045,8
6279,25
3249,9
6777,25
5214,25
8428,1
4792,18
6833,17
8856,6
9817,18
8050,3
3250,19
3341,15
8252,21
2497,1
5768,25
9550,3
998,18
1939,14
1814,17
2229,5
8750,23
4894,22
3493,2
3063,12
6772,15
7344,22
6855,19
5677,12
4179,11
8118,15
6255,7
1984,2
2456,22
428,16
9402,9
8497,16
5511,15
4444,7
8855,25
458,6
9053,1
6218,15
3459,5
1226,4
6984,24
5011,1
4167,10
3619,11
4436,19
159,21
6283,19
6067,10
8795,9
7919,2
2211,3
4376,5
9039,24
2537,12
6297,17
9836,5
3783,10
1891,7
5547,21
603,23
3838,12
7761,16
5380,5
597,12
8798,13
2571,25
8857,16
8068,16
3001,10
1686,15
5032,5
9585,16
8840,18
7521,10
6259,10
4683,14
6891,5
5808,11
3182,19
1369,23
2252,15
9326,15
5291,13
6116,20
7831,21
7372,10
4584,9
5319,10
1894,23
2604,16
6424,18
2387,23
1417,4
1949,9
5144,13
6071,10
3828,19
7779,24
4570,1
3244,15
6462,6
3822,20
1309,12
6239,20
6651,14
717,6
5197,20
4026,9
9268,16
9502,4
5991,16
736,3
4393,18
1703,10
8520,12
3758,4
2006,2
2064,17
6315,11
92,8
4707,23
7979,1
738,2
5593,4
9574,11
5205,2
5566,4
7143,15
2915,8
4172,19
2061,2
3831,5
7772,18
5169,8
67,11
6764,10
306,21
8691,1
9440,9
6490,10
3645,14
6934,7
4994,24
62,7
3711,18
918,19
6208,18
2165,10
7823,11
7534,11
507,1
2782,8
9627,1
9407,16
2839,1
7926,2
942,2
9477,17
4322,5
3162,15
6798,23
7175,15
141,8
5237,22
658,3
7438,5
1625,23
8019,16
1482,14
4774,15
6167,9
9278,3
9891,3
7501,20
7711,8
9730,6
7964,13
9185,6
5179,20
711,1
3326,12
8957,13
3956,9
870,20
6402,17
5951,5
641,6
2652,13
1571,2
5877,19
5639,19
7528,24
4001,1
3426,2
9319,2
6227,8
961,4
7903,23
472,16
4357,22
4036,9
1164,19
9008,3
7232,14
444,8
6361,17
5491,7
2845,13
3727,9
5763,15
2355,2
7295,20
673,25
8263,13
6923,10
8459,16
8862,7
6410,13
1762,12
8177,16
5067,10
6657,22
4763,15
4633,15
4830,8
344,13
9068,19
7969,21
1357,10
3115,20
9578,23
7311,18
6698,1
3707,20
147,3
2702,5
8487,15
3841,23
7886,23
5062,20
4867,20
5136,12
1502,15
3938,5
6932,10
7238,10
3294,1
9862,2
6593,18
2513,20
8155,14
6475,16
3596,25
7683,9
5173,5
2553,10
2130,12
9048,6
1411,14
4656,7
2911,9
5457,5
3423,10
4312,4
7205,19
3235,10
2922,9
4326,10
9336,1
4031,12
720,6
873,4
7226,25
6207,7
4293,20
8663,1
6045,15
4614,15
8255,21
6884,21
7371,6
5080,13
493,7
2034,15
1989,9
6981,11
27,22
4675,23
2780,16
7709,23
3811,4
4935,5
8860,3
2585,24
6321,4
4501,18
2670,15
4101,16
170,18
6119,20
3823,6
9571,23
1844,8
3519,1
9464,17
7837,7
6983,1
1827,20
288,7
8513,2
5931,11
1551,23
9767,18
2521,21
9010,4
3824,15
7009,3
1454,10
4591,16
6409,4
2619,12
5462,13
73,6
8811,21
8352,9
173,24
2740,15
7008,22
2986,13
5610,12
2352,3
3994,19
7897,21
9178,16
2950,5
237,11
2837,1
3071,18
2435,10
581,16
5091,18
2530,13
528,24
6300,5
3148,5
4067,9
2591,11
1977,24
5113,11
5516,15
5270,13
3126,24
9855,12
3150,13
9626,16
9021,8
9503,22
704,23
59,12
3284,16
2873,24
7244,20
8696,23
3770,8
5702,21
6118,15
4533,14
8841,2
1024,14
7475,12
7973,21
1737,14
9065,2
6186,3
7288,16
2004,9
8340,11
1499,9
3177,10
929,25
8965,11
8521,18
4039,25
2212,20
877,25
9170,5
7315,3
4703,24
2969,10
7349,14
4449,20
897,22
7655,22
758,8
7229,20
4607,23
3285,19
3536,25
5065,10
8216,6
5336,15
6815,7
9663,23
5676,5
277,6
120,1
5563,16
8089,3
3392,19
1969,13
7906,16
4477,16
1053,4
7287,1
1407,12
2089,5
1689,18
4817,13
3965,25
7421,23
702,22
8919,3
5538,23
2254,14
7703,9
6987,23
7,16
8176,21
328,23
7124,4
888,19
9122,16
682,16
1413,17
9079,6
753,20
2292,15
2139,5
9727,1
783,21
7366,4
8590,11
6565,25
7941,3
8138,11
540,21
8834,17
7408,9
3745,18
1208,22
9033,24
9208,16
9897,1
2766,15
9015,23
3483,5
8926,7
4250,17
1186,15
5545,22
2816,3
4585,24
3769,3
3431,14
1014,25
1903,24
121,16
6092,20
1942,7
7844,11
6607,12
1288,14
3739,20
3636,9
4926,15
8395,23
7246,23
9520,1
9321,14
1652,25
5775,7
1813,2
4920,12
7122,15
176,19
8723,8
1883,4
9339,11
5227,19
8222,8
529,1
4219,15
4580,20
7067,20
9378,6
2599,10
894,9
8456,6
8785,1
5228,20
9441,23
7014,21
5818,15
9334,22
9243,17
8827,2
6024,21
3228,5
2189,17
258,23
6551,20
6196,7
3688,12
9623,1
8929,21
570,7
5952,25
5846,16
8420,6
268,24
7770,3
7742,18
561,2
8828,18
8549,1
8268,7
3149,25
1248,12
2930,20
6640,17
8142,22
7613,16
6779,23
3713,10
6588,5
1221,5
7449,17
5690,2
981,20
3967,20
4411,20
8283,18
4572,25
7990,8
3048,5
5681,25
5034,4
9230,11
6552,7
6836,18
4142,13
2548,10
4982,1
6618,14
8644,9
401,17
7462,2
1415,9
5980,13
1786,15
2797,21
7193,10
3304,13
7756,21
6619,14
4374,3
3064,7
8182,16
8452,18
4769,24
5688,5
5485,1
3926,12
9159,16
3070,20
2901,7
7189,14
5145,13
8476,7
4575,17
8170,8
1161,5
575,11
9190,11
9728,16
7280,5
9045,11
754,16
1025,22
1890,7
4256,1
7707,1
6270,5
586,16
7417,23
9100,23
8157,8
1067,15
9841,18
7291,17
5449,15
2956,7
4810,9
2485,19
252,10
5339,4
6784,17
9091,8
1355,9
2630,25
5391,22
5833,19
6780,2
4854,4
5747,20
2529,6
7245,23
2164,3
1393,20
997,15
3664,2
6994,15
3278,17
3408,7
119,11
9798,7
43,1
9599,9
3468,14
7785,22
5635,25
7470,6
1461,5
8890,21
4062,9
169,2
7660,21
4465,17
9525,16
5655,17
9646,6
567,13
6542,13
7477,23
2558,16
5996,11
3094,1
7666,8
3137,12
5115,19
191,18
2166,19
2594,4
1926,19
8015,16
3200,10
4007,20
6530,15
2224,20
1210,2
3532,12
3763,4
6603,7
4461,19
5616,4
7824,19
2904,21
2297,22
1408,3
752,11
6699,11
5357,3
4671,7
4078,15
2370,2
9291,16
716,16
7323,19
1906,10
165,23
4226,15
9075,21
5334,8
7537,6
1323,22
7634,22
7538,6
2282,7
4274,15
2168,12
500,6
2934,15
9756,18
4883,25
7369,19
2751,3
3851,6
8921,22
4907,5
6345,22
5589,7
4032,21
3808,3
5600,22
6916,7
558,13
610,23
2947,9
8209,11
2971,5
903,19
1102,18
4502,3
6960,15
4939,5
1843,9
6313,3
3560,3
2155,25
8715,17
1028,1
4569,9
8672,3
2160,4
2796,15
1252,14
7798,21
6189,24
5486,22
1019,8
7954,12
50,8
1554,17
1628,24
6590,23
4069,20
5838,19
8580,21
189,7
8605,13
7141,12
8113,1
5749,5
3970,25
928,14
9615,7
4217,19
7102,18
8565,23
6099,5
4450,22
2963,25
4735,11
474,14
6580,13
8528,8
4756,25
9399,8
1049,5
4380,23
1215,3
9904,6
1085,22
4377,3
2990,4
8802,2
6378,11
1313,8
5882,15
3349,23
5920,21
6709,13
3706,12
4458,9
3232,24
482,25
4915,15
5640,8
9273,25
1790,15
7476,10
3261,12
4100,1
5885,21
1366,14
3556,25
7305,10
3384,4
2452,20
3724,7
1754,25
8535,3
1185,4
648,1
7480,20
1802,25
6838,16
8966,1
4744,15
6439,20
2762,20
6267,23
5035,25
359,6
8470,19
8150,2
6117,5
8874,18
4999,18
8861,18
5272,9
2336,22
1449,10
8389,8
9706,4
4406,23
9600,23
9829,6
7890,1
8909,23
5621,14
8981,8
2566,1
7051,25
8239,8
5285,5
6115,19
4898,5
9821,21
5687,25
4892,22
3971,18
9741,8
602,23
8269,18
7617,16
552,14
3380,10
8496,6
4922,7
3181,9
6413,5
9144,1
3833,21
4878,8
8449,10
3744,5
4346,10
4706,7
9594,16
1820,25
9991,3
6745,1
524,18
2929,18
4338,5
6617,4
68,22
4871,24
1038,25
844,22
6918,16
291,3
9060,12
287,24
4212,17
3864,11
5633,24
3546,12
4128,9
2195,19
600,18
3954,15
6140,1
3397,20
6060,15
516,18
5930,12
4162,18
2525,5
3890,12
872,15
7557,6
1722,15
6656,3
2715,5
6310,4
2641,20
8854,6
2676,20
9639,22
5627,6
9448,16
2960,3
1169,7
9298,21
8080,18
7358,13
1700,10
6667,10
5479,24
4848,3
958,15
9104,7
7548,16
2505,7
3471,25
677,21
2542,7
3601,15
4771,12
8504,18
3919,10
5706,19
3721,6
6253,21
7500,11
1545,19
5612,23
8391,14
9652,6
4025,16
4936,24
8312,8
2119,12
3774,2
7764,1
2322,22
9032,10
3360,4
5816,14
967,10
4407,18
2443,10
2912,12
3529,9
2657,8
5944,20
5899,3
2637,14
2561,11
5174,8
6572,9
9560,21
8198,2
7679,25
4693,19
7681,16
2998,4
8462,21
31,16
4118,4
9969,3
2174,24
60,5
3858,19
2162,13
2491,3
4050,12
1344,20
8097,3
1236,14
1022,12
6165,13
8486,21
8835,12
3631,15
8505,22
7946,7
3108,8
1451,10
7957,1
624,18
8651,1
8337,1
4670,25
320,8
3241,20
75,1
6545,2
3067,5
3465,3
4557,14
6382,3
8,16
880,5
2830,24
8894,11
7162,23
8061,8
7933,21
8261,17
3643,4
7294,6
2007,24
522,16
8008,13
8227,21
8889,13
1640,2
3628,5
6330,2
9517,6
953,4
9384,1
9028,23
2363,25
2885,10
5302,22
2863,10
2658,20
4363,14
8905,21
5568,7
1330,24
7855,16
6989,10
778,4
9861,18
559,23
9943,17
8617,11
4185,11
5230,7
1173,14
5133,20
3979,23
1418,12
9265,1
4404,5
6713,9
8572,12
128,24
6472,18
7489,15
5257,8
1673,14
6679,1
7336,21
9427,3
8816,16
7854,12
4836,12
3092,11
5886,20
1497,5
1147,25
2386,19
7042,24
3948,10
1055,17
5099,6
7822,1
2563,22
2113,20
5158,25
9165,12
7723,6
9801,25
1840,18
4747,12
6154,13
3722,5
8436,17
3388,3
5994,3
5052,17
8185,16
8792,1
7717,1
3473,9
9370,23
8026,16
2179,10
691,23
5440,2
9697,11
2453,18
9310,21
8896,1
8747,1
7149,7
5420,12
8737,16
688,17
9543,6
1474,12
2775,7
797,2
5894,10
8518,20
7213,12
4548,12
1972,24
2647,12
8003,14
6735,21
915,24
963,15
3240,24
192,3
8604,22
6210,19
1079,15
678,1
4644,4
1923,25
3908,5
9305,11
7249,12
6219,20
361,1
3595,4
9182,11
6176,16
4582,9
6722,25
2499,18
4204,19
356,20
6926,15
9964,13
4015,18
5839,17
7699,24
1352,9
6232,15
5103,15
6796,8
1823,5
2308,2
9478,9
1687,22
9535,21
6770,3
3340,23
9372,17
8363,12
9157,6
9098,4
7763,1
3005,9
1538,5
4255,24
3102,22
3068,13
9216,21
986,25
6004,16
2567,15
2014,18
2726,10
683,11
7576,1
1063,9
4721,2
7156,16
454,18
9246,18
6533,22
6696,11
6142,5
5901,20
7996,22
4434,19
3608,14
3894,24
4555,2
5129,1
3535,7
1310,15
5711,23
2032,20
79,16
2733,9
6582,25
205,11
3146,9
1873,25
3056,14
8559,17
7487,22
8717,8
4665,11
1682,25
5262,4
9694,6
1862,20
2984,7
3363,15
1041,15
5170,20
8039,9
1819,10
1702,25
6138,4
8007,11
2628,24
7087,4
2444,23
4097,5
619,1
7002,10
160,1
3110,7
378,9
1251,14
8242,10
7943,22
9258,4
764,11
9616,23
1029,8
8519,23
381,12
8318,6
3825,21
8527,21
7828,18
4729,10
4659,20
8780,18
6635,9
7197,21
8623,21
4233,3
4647,18
4594,15
400,21
6753,8
3813,13
193,14
527,13
8075,17
4772,9
3991,20
740,1
8351,13
4749,17
9465,23
7887,19
8996,16
9653,21
6388,2
8602,1
3906,18
7589,13
9846,12
2399,21
4862,10
3389,14
9367,13
6036,15
6348,7
265,3
9642,18
6609,15
9511,3
8103,6
9682,23
9076,22
6397,1
4269,14
1331,7
4544,13
4490,25
774,16
6556,6
6112,20
2039,14
642,1
5810,21
9449,21
4560,24
3413,20
4244,7
7732,16
334,18
1234,5
5338,20
5021,21
5502,5
1807,4
4394,9
3138,2
4767,8
1216,25
9816,14
7011,10
1016,14
5300,7
4726,6
6269,10
5259,10
5663,3
2134,9
7278,4
1133,24
615,21
9552,18
7308,7
7561,7
2674,24
4957,15
8460,5
3957,11
4018,25
4223,10
3311,20
6663,8
3352,7
1834,5
4258,6
1556,24
5349,15
7808,3
4844,15
8354,13
3031,25
181,18
1560,12
2665,19
9327,19
1496,10
8720,13
7962,24
7877,24
7575,11
4641,5
9205,3
3928,9
9038,16
6845,24
5990,4
2210,25
1588,24
2270,8
6256,4
2694,10
4699,4
3844,3
1743,7
442,7
6637,6
9455,1
4864,10
576,22
757,1
427,16
1918,5
4455,25
7353,15
7442,24
2700,2
9426,6
635,11
5597,22
4408,8
7401,6
6175,20
4157,25
9134,14
7309,12
3437,16
1433,12
3456,10
5570,15
892,22
8324,23
1042,15
4160,9
3899,21
2999,20
8376,6
4953,16
6032,20
793,6
9554,24
7439,6
2136,6
5251,23
7329,20
5730,20
7049,19
947,17
7928,13
8328,6
8950,3
8112,23
6031,7
7726,11
1441,17
9937,11
5490,19
6947,16
8817,6
4352,5
4234,25
1509,2
6230,8
8774,2
2994,17
5204,25
2250,5
3206,25
2790,5
2514,15
7555,13
6991,3
4446,15
1343,25
4692,4
9561,16
4742,15
9064,13
7128,24
5542,18
7976,11
213,1
6423,13
2490,11
1340,15
8187,6
1100,19
2795,9
4794,19
5405,15
7601,11
4271,25
5556,19
1884,2
5707,6
9374,11
4981,11
5797,25
7230,6
3357,8
8319,24
821,1
1973,15
6016,18
4225,14
3627,6
4473,24
483,4
1394,4
8743,6
8686,4
2075,14
7701,19
4788,20
7324,11
496,6
1674,23
4485,22
7995,3
7518,15
9708,12
3121,4
6507,25
6904,20
6627,25
2728,21
6956,12
8127,16
7204,6
3526,25
8441,16
5878,24
390,1
9073,23
6198,17
9859,6
1501,18
5061,7
9063,8
3145,6
4064,22
2012,12
3597,22
6003,6
4169,5
9518,1
1992,25
1679,10
1428,9
6340,7
2002,20
4492,23
727,1
2133,9
566,19
220,14
9074,11
2293,5
1030,22
2645,8
3171,4
5246,1
8587,16
2734,24
814,1
5496,13
1749,2
5044,24
3531,18
4886,5
323,2
7869,13
8119,1
1137,22
2864,20
7579,21
8321,3
6751,1
506,1
2409,6
1734,24
7144,13
1276,5
6874,24
4010,25
8159,12
6111,21
7340,10
7719,8
2124,14
3320,5
8237,13
1078,19
6173,21
4177,15
6849,5
3486,8
91,3
494,4
3368,19
1978,14
6190,20
8954,21
8046,4
2304,4
1253,10
3712,25
7194,10
6419,5
5830,19
1191,15
6216,24
6662,15
7107,15
234,21
8426,11
1872,7
9043,13
2569,12
6120,18
6005,19
413,19
4094,7
4498,5
9654,6
6941,6
3676,9
8649,20
9221,13
9011,8
244,21
133,22
6134,18
212,6
9371,6
2265,9
4431,25
4746,8
7313,15
4553,6
621,18
9325,3
706,1
543,3
1166,19
7106,24
2617,17
3586,5
2496,19
135,2
7253,18
4651,19
9115,8
7024,21
3507,14
9811,12
2215,24
4206,21
5181,13
6123,10
9191,21
5653,22
5447,20
6336,10
9772,13
2030,15
2171,9
8223,16
2661,2
7581,24
672,2
695,13
1263,19
5917,8
5041,5
9027,2
6852,10
646,1
8262,18
7214,17
7059,12
7182,18
3086,2
9718,23
2268,21
3998,5
6431,13
6524,2
9125,16
838,2
3047,14
7179,25
4344,16
9357,18
5088,2
6671,4
9257,1
145,22
5671,19
7773,23
8938,1
6543,12
2430,4
8959,21
7554,24
593,23
2058,12
9824,6
9530,1
9252,21
5637,4
7894,6
9644,3
8412,1
8256,16
7552,3
106,1
6816,25
4618,7
2673,24
8756,20
1110,25
9611,11
2421,20
6925,9
4698,11
8272,7
3447,23
794,17
4896,9
5651,17
158,21
5567,24
4375,19
4549,17
6674,9
9637,4
999,15
1659,15
7790,25
3577,19
7807,17
3976,25
7364,9
9605,25
3134,6
2581,10
3907,10
9548,1
3043,11
8184,11
7580,6
9864,6
7860,1
8666,7
9422,24
7851,3
6737,19
3082,12
3583,17
3810,25
5521,12
2045,20
2122,14
1457,5
4175,15
1924,8
968,14
4102,4
7095,9
3208,16
3661,3
5284,20
2781,20
1144,19
7079,14
5999,25
9495,11
9577,18
1857,24
4913,12
8430,22
6164,12
9148,8
4827,4
6244,18
5093,1
6970,19
1180,10
3835,8
1952,25
5353,1
8758,4
7284,25
3743,15
8650,11
2767,5
4051,3
775,21
9979,21
4753,25
7195,24
1312,10
3794,14
5558,14
4087,15
1595,10
6243,14
1089,4
7084,1
5925,10
5718,25
3393,1
1153,13
8001,18
13,3
4759,6
7105,3
6532,2
4134,22
9197,6
4305,5
670,18
6608,10
1235,24
1399,5
8560,2
9274,23
4327,2
2598,10
9878,13
9720,7
4243,18
3504,1
7165,19
9710,9
5947,18
3257,10
573,3
6829,16
5000,10
2310,3
1143,5
3211,14
5562,1
3390,19
6268,13
9248,18
1818,7
5790,20
8362,19
848,17
7164,12
2982,19
1272,13
3895,8
7565,18
8275,23
391,8
1856,2
418,24
4316,2
1013,9
5320,17
178,13
3605,20
1265,5
233,21
9055,6
4400,10
9453,6
5146,24
4790,5
3869,6
8983,16
8048,13
2888,25
715,1
4821,19
6955,14
2063,3
22,17
6007,16
5249,12
9381,5
7623,17
1851,19
5845,23
1314,5
6184,23
3984,14
2678,23
5548,8
3689,22
2555,22
6132,15
151,6
1619,10
5927,6
3292,21
6689,5
2870,4
1524,5
7694,1
6731,4
5453,15
9743,20
9984,3
5769,22
9515,21
4385,24
6206,21
2633,6
5268,4
3955,6
4943,14
2404,20
5629,12
5941,18
1793,15
7573,11
2820,5
5915,20
741,16
4265,25
9228,16
8903,1
4488,4
7155,20
1643,13
6754,5
4402,16
9828,16
2143,5
476,9
7927,17
5355,9
837,8
7833,11
1429,4
8479,3
8621,11
1056,24
4254,16
2648,14
2952,19
5738,6
387,6
7260,16
6747,2
1372,3
4923,11
6868,20
8969,24
4816,1
8297,16
1604,14
208,21
660,8
8416,22
3195,15
2753,14
2991,11
5454,2
9454,6
2403,5
2744,25
1925,14
9734,11
6990,20
1316,15
3749,4
3613,6
1901,9
1010,14
6584,15
9989,4
9086,23
7419,4
9331,3
2408,11
9078,11
1889,8
2080,10
3889,10
1405,2
5362,1
4147,12
1627,25
8311,13
710,21
4687,3
2809,25
8901,11
8471,13
3759,10
1601,17
9569,24
2931,23
520,22
9893,24
5412,17
5587,6
5971,14
312,21
7972,21
2893,11
5963,12
2895,8
3772,4
1974,20
9264,1
3401,9
6862,10
9546,1
7398,12
7345,10
5484,12
7678,2
3470,10
6377,24
2051,17
9777,18
4489,5
8746,16
8325,11
3078,25
2672,20
2371,17
8626,6
8129,6
5697,20
9303,1
6503,22
8788,10
3015,25
8244,2
4798,5
7925,3
3191,5
5684,13
5632,19
971,19
7130,10
5692,5
8378,16
1129,9
9266,11
8335,1
3593,10
9014,1
4002,6
405,23
3333,5
6177,23
4949,21
5109,19
4932,25
9788,8
1155,10
633,13
9809,25
3106,17
8194,11
6284,17
1572,5
2253,10
1438,2
3179,24
5083,10
8789,6
5596,11
5559,3
7168,6
3028,25
8800,9
1892,14
487,9
2967,9
1526,15
7120,12
379,13
9806,8
108,11
9062,8
1763,19
5751,5
9151,11
3896,22
9746,24
5817,23
9377,6
1332,12
2804,10
3306,18
6171,1
3448,5
3514,13
9084,1
9227,18
9681,16
235,16
8373,6
9425,12
622,8
9155,1
4486,2
9870,11
8233,9
1505,14
7077,15
5720,7
8956,21
6966,22
1672,19
1157,15
8506,14
3307,5
9352,11
5649,16
3434,10
703,9
2349,12
6442,19
1335,2
2417,14
8181,16
1097,4
6911,24
729,16
3298,12
3910,18
7714,21
5572,20
1684,25
4021,10
518,23
5986,18
9635,22
9003,11
8574,8
4320,18
6359,2
883,5
9149,6
2882,14
4315,20
5726,24
6892,10
2985,5
5217,20
1676,3
2792,7
1349,20
4126,3
4152,14
4267,8
1557,15
6157,12
2732,21
3731,10
6710,23
5258,18
1279,7
2207,13
8125,8
7298,19
7525,4
6563,23
5325,25
3374,11
1880,3
9202,23
3058,17
574,1
8702,6
21,8
7832,1
987,8
5163,6
6700,13
8221,21
4916,17
812,13
9551,19
630,1
6742,9
1020,4
4297,10
8801,23
7810,3
5434,15
9106,22
7129,5
541,11
9926,22
4076,25
6355,20
1036,9
6470,1
5436,5
2577,7
3396,3
1376,25
7783,9
5928,20
3062,17
6720,25
2814,15
2457,8
2217,15
6917,18
7799,6
1771,5
1207,13
7299,9
1713,5
6406,18
5131,9
4688,1
4372,15
69,18
3040,19
2232,9
9318,10
9997,16
8742,16
2898,4
6727,5
8915,9
9220,22
3544,7
8168,11
9766,13
7161,4
4159,25
6936,21
5059,1
5013,3
5402,25
8920,23
101,22
3752,24
3860,17
5590,7
7727,6
7956,8
9031,7
1425,13
8071,6
991,14
9857,6
8006,6
4527,14
5518,11
2710,25
4292,5
5423,9
8507,13
1328,12
2463,11
511,6
4511,18
7547,11
4674,17
3718,13
275,18
7491,25
2359,25
1096,3
9903,21
2009,7
9608,8
7572,6
9792,11
1695,24
8249,1
1812,15
8601,4
2369,21
3233,20
6000,2
1598,13
8793,6
4111,5
612,1
4479,25
5799,15
8664,16
4773,16
6585,17
7239,24
7219,19
6018,15
2938,10
2789,19
8365,21
3196,14
5883,16
5960,24
1280,7
4948,7
5196,13
1630,15
4964,13
4650,24
8947,19
7065,22
7997,10
8101,15
7407,13
4592,25
5191,5
9356,17
4653,22
7377,16
3633,3
2669,20
1123,9
4984,9
1838,24
869,4
5550,25
3291,9
7166,6
5416,8
9458,6
324,24
8805,13
295,14
7825,9
4869,3
9610,2
3873,8
7310,18
5595,19
9254,21
4965,23
4295,9
3849,10
3337,8
9874,21
7515,5
6163,1
8871,13
8005,14
7319,15
2388,11
8377,16
9567,15
7461,12
2241,22
1576,14
3677,7
1869,15
7255,17
2768,8
3614,24
1061,4
1475,19
2479,20
2503,15
1964,25
9805,13
707,16
395,24
6168,22
1473,15
4685,14
4070,24
4381,10
5018,18
6194,3
5583,10
7116,3
3539,9
5582,24
1585,9
5293,20
9123,11
9070,18
4043,17
9524,1
9950,21
4,21
6288,16
5850,25
5757,5
2643,14
2273,19
6505,9
790,5
2535,18
8869,13
6962,10
1841,14
5048,24
6454,24
1947,20
3395,6
4813,21
5641,19
5905,10
4536,5
4056,18
6466,17
8526,16
8372,3
2872,10
1217,19
2723,16
1877,20
9854,17
1351,25
4737,10
4754,25
7485,5
102,22
7388,3
6869,10
4016,10
2448,7
3310,10
7577,1
1,17
7177,2
7685,9
2593,15
1071,17
1847,24
9858,6
563,8
2055,10
6733,21
3700,17
3730,6
4112,5
1065,10
5316,25
6429,11
5443,19
1213,3
6011,20
1541,25
9590,11
1605,9
8962,16
1260,10
8367,1
6204,8
1861,9
6170,11
9586,8
1223,19
3252,17
3762,15
4713,5
6084,21
2691,1
7395,23
5719,20
6889,19
1268,19
7321,10
1617,25
3572,4
1470,10
3350,12
66,18
9580,2
7074,5
9342,8
2928,9
5125,5
7993,22
9007,11
6763,20
6098,8
2747,18
7304,14
9505,18
6971,5
1431,12
1956,25
5788,22
1066,15
6456,9
4616,20
5265,15
7531,20
595,14
1462,24
564,8
6949,16
9670,12
6293,20
8534,17
4626,10
5857,4
3850,24
2121,5
9450,23
5371,5
4843,13
51,13
247,4
9363,8
7857,11
6864,7
5082,25
7434,4
7730,11
2475,24
7254,6
4559,21
2175,17
7850,6
279,16
6158,20
100,18
8166,9
7533,18
913,5
7608,6
8599,18
1690,14
96,8
3571,24
39,11
9822,3
5199,10
1106,15
2908,20
925,15
2914,9
5801,21
1769,7
8270,9
7498,6
2538,19
7342,2
4061,20
6985,19
2040,9
9820,1
920,20
9987,3
429,1
2655,22
9484,3
9175,25
6835,11
2193,14
3570,25
538,24
2699,16
1356,14
8654,6
2281,15
3020,20
2350,2
6366,4
1592,12
7148,15
9154,1
8704,6
3746,25
4983,11
1642,17
9394,23
4669,15
7936,1
9058,16
5934,11
4803,17
1736,5
3091,7
1623,4
9915,16
4195,14
7290,20
1035,20
8392,18
8550,20
7677,23
784,1
6342,7
7334,23
8708,6
1809,20
7176,23
3918,17
7812,23
9108,7
8137,21
3243,20
5594,7
8958,13
8809,8
9523,11
2109,25
1660,15
7081,11
6682,25
5741,18
110,3
6878,1
6830,9
6428,1
8757,8
7755,6
3964,22
1503,2
7286,16
9526,16
8294,21
6554,22
9929,7
4081,3
2401,24
2632,22
668,13
2815,25
1414,17
6820,2
1731,10
4586,21
7733,21
3464,12
4095,4
6457,17
8517,9
1555,13
84,6
5014,24
3039,5
1486,22
4593,6
7355,15
4708,24
7885,8
8680,7
2992,21
5733,20
9918,6
2774,6
4880,25
2675,20
2198,19
4307,8
182,3
8229,11
4942,10
8028,1
5042,5
1895,23
8065,6
5215,17
5644,18
3118,16
8877,12
9360,23
5138,22
7023,21
3764,4
4096,25
3308,12
8213,12
3567,8
3013,5
2108,20
3236,19
6738,14
6404,24
8881,3
3367,16
491,1
2616,10
2788,15
7551,16
4617,20
7722,21
9018,2
6623,15
730,6
6491,4
6648,14
8310,7
3599,17
5734,23
2291,10
2817,1
9563,16
5188,11
3166,1
206,21
9833,1
2682,19
8434,22
5756,20
6110,22
1582,7
8709,18
5974,10
8673,23
1404,14
1154,24
6169,17
1472,16
6448,4
3995,15
4085,10
779,8
5699,23
1205,4
9581,25
5968,13
9405,1
134,18
6200,6
71,11
4462,6
7526,20
579,11
3109,22
6287,2
9120,6
299,2
6233,4
3234,15
7467,14
5156,20
5918,14
8990,6
1401,9
5322,20
7099,4
3010,24
8353,10
6087,15
8707,6
654,13
2764,25
4612,15
9721,1
9361,23
7960,6
7086,7
8343,16
6308,5
9160,8
2202,4
9136,4
9938,1
1785,25
4347,6
5233,10
445,24
6094,17
1487,25
6832,10
817,1
9703,13
7040,10
7923,11
9375,6
3312,2
7464,6
4785,12
4680,3
389,6
8070,1
9856,11
886,9
6744,13
7849,13
2192,25
8693,10
4595,4
882,5
3953,8
647,11
9900,1
1975,24
3142,25
3433,20
9333,8
8791,1
5143,8
7852,19
1938,17
2600,17
2324,25
2275,2
3288,7
6907,2
2927,19
2738,11
4184,24
5599,5
1072,24
5654,21
2449,17
4976,20
5102,13
7275,13
2808,12
1172,4
8845,11
7916,1
5565,21
9790,11
4421,22
1360,19
6179,15
3153,22
3791,11
734,19
3574,1
5814,20
5287,22
5854,15
1756,13
7483,5
8126,16
7942,18
7494,3
4238,13
8849,21
831,12
8374,1
7961,21
2824,8
4149,6
6339,10
3185,10
4104,3
2482,16
3641,2
6450,18
5294,15
8461,21
2940,5
3353,24
3973,4
7600,11
6728,5
8982,9
3875,15
3503,25
6006,7
554,19
6317,16
6325,10
7293,19
9019,14
9881,24
8052,23
8167,6
9962,9
8815,16
6494,24
1815,23
6101,9
2540,23
3516,3
7697,11
9005,1
407,9
1624,2
6615,10
3059,3
4055,19
6285,1
1757,10
6390,9
2001,15
8866,23
7689,13
1738,25
2662,17
8864,11
2692,19
109,6
8701,11
6030,14
7762,21
4778,1
3165,9
8662,1
9719,3
9480,14
332,3
9534,16
98,23
6826,5
7463,1
3489,10
9429,3
1835,25
650,16
9632,13
3801,11
9853,23
3100,17
3274,17
3897,4
7542,16
5786,14
8010,3
2729,14
3329,10
9397,12
6489,20
1507,23
4430,22
1907,15
722,10
9835,8
917,14
3624,20
5308,11
2315,19
1068,5
2825,15
61,3
921,5
8254,11
4242,9
7700,23
5332,19
8937,16
4294,1
9089,1
4908,5
6875,1
7428,24
787,1
4525,6
4367,19
5305,19
7391,9
6027,1
9287,21
461,1
4174,13
9638,22
1933,7
3325,10
5714,3
8873,3
9999,16
3188,7
2810,14
6677,25
8247,6
1941,23
6574,5
6252,6
2239,8
4303,10
6544,25
9912,6
4075,5
8581,11
6511,10
2052,25
6948,4
6356,18
2451,18
3659,4
3912,10
2660,13
107,11
1859,24
2517,15
3123,8
5235,22
6079,19
5274,19
5459,6
3378,10
6082,6
3221,22
9016,22
5301,10
4662,20
3784,1
3781,21
3898,1
940,2
1291,10
2758,11
8024,16
8556,14
6228,5
4576,3
4291,1
6910,19
6973,10
4296,20
1564,24
6394,4
8380,1
9366,25
9301,18
584,6
9884,14
5159,17
3902,20
4852,4
2701,12
5090,14
7771,24
7123,10
1730,10
1493,9
6741,25
7450,25
3796,4
3359,22
8267,17
6220,25
9533,11
7861,6
6141,16
4259,17
5708,15
9553,3
732,15
2048,17
4197,18
4565,8
4779,9
5575,17
6823,20
3175,2
8302,19
4550,5
4974,24
2043,10
5286,7
2580,3
3509,20
6327,2
1381,4
1395,3
4433,17
9,11
1406,14
3073,5
1645,10
8042,12
4768,1
2508,19
8934,11
8848,16
3534,22
839,25
6549,24
9888,20
6400,22
5863,5
9583,13
1914,15
8988,21
4466,14
1201,10
1810,24
5260,20
5926,9
2979,22
6626,5
2071,4
1566,4
5524,13
7759,17
6930,15
6211,18
2112,13
4286,2
7597,1
5724,5
6376,15
9802,12
196,11
9183,11
3335,11
3454,8
4690,2
6461,12
3099,13
1858,12
5880,7
9665,1
6870,14
3779,14
8014,11
5417,21
7007,10
3381,7
5182,5
8655,6
2495,4
5804,1
7017,9
2958,5
5866,5
1784,24
4049,17
4712,10
9107,18
745,20
2811,5
4811,15
4940,25
7778,22
9620,6
8282,17
675,16
3922,18
9634,25
3634,9
944,6
7013,25
6062,15
2484,19
226,9
7632,1
1934,24
9921,13
6734,17
5853,25
6571,23
5446,12
9797,5
7797,6
2589,17
1646,14
1171,20
6306,15
412,3
4993,20
460,6
9651,11
7625,6
8561,2
9965,23
6225,2
366,24
8339,1
7404,19
2459,4
2439,1
6794,9
5626,14
5908,12
9476,12
4460,5
1054,14
530,6
3348,5
5780,8
1714,19
7955,18
317,1
9317,5
8096,19
9791,6
2693,1
239,11
7539,21
2777,11
7622,16
6068,25
2392,23
6811,9
9385,21
7612,16
9279,3
6460,2
1573,15
5410,12
7373,8
1052,1
3417,8
686,6
2135,12
9315,9
4209,10
4215,11
1305,15
9128,17
1160,25
3805,15
750,1
3003,19
5201,21
6583,25
6181,21
8783,16
3280,3
7853,14
3562,8
6172,7
4423,5
664,22
6496,16
3218,19
4944,19
7266,5
712,18
5327,19
830,18
3213,12
8281,13
467,11
4058,10
8748,1
6692,9
3074,4
1467,19
5401,5
8898,21
2159,19
4622,11
735,13
2802,23
8079,17
3716,24
759,18
7918,23
3960,15
4045,18
6995,9
7224,20
9875,12
3673,25
6185,9
1273,22
3224,9
9494,5
5137,22
8537,12
9414,8
4237,19
7692,22
5748,5
6174,21
6893,5
1837,8
5356,9
7959,7
1060,14
6945,21
5092,21
3766,4
7158,22
1741,5
3371,10
5209,9
1902,4
572,15
8630,3
7259,14
3069,14
8205,16
3515,22
1753,12
5004,14
8293,11
9433,9
373,18
7163,4
9649,16
9902,21
2492,24
6148,10
1000,5
9940,18
2132,14
1327,23
2579,14
3482,2
7114,20
6432,14
2279,13
3081,19
3011,6
3296,1
982,20
1150,20
2091,19
9431,3
7330,4
9250,7
4331,18
1675,17
7744,13
7160,20
1590,10
3701,18
421,16
7088,24
9951,6
2907,16
9678,24
7221,23
3934,4
6795,18
1900,10
2919,3
3364,6
8299,1
8940,23
2411,11
6414,12
3209,18
7071,25
3263,25
9614,21
4837,18
2005,15
8458,21
8749,1
5497,18
3051,12
1772,17
5843,18
9944,21
5664,4
9457,6
5820,16
7796,11
2846,5
1797,14
2172,4
2562,14
7737,8
993,10
6687,20
6438,22
3992,8
2326,12
8320,8
2445,15
822,11
5276,14
2983,19
1767,20
397,23
3845,2
207,16
1958,10
4253,9
5574,25
1937,17
5370,8
163,21
949,9
4989,6
3023,15
8924,7
4496,5
6106,10
9057,8
819,21
2454,18
4420,19
6606,12
7657,11
2434,10
5932,11
1278,12
1446,22
3157,7
8897,1
5055,6
5958,23
9658,21
8918,12
6806,22
2467,19
9247,2
2095,19
9771,22
1319,9
2079,7
8030,12
8334,1
9383,11
4442,24
6251,1
5553,4
3861,19
7665,16
5038,20
6672,9
5218,10
1733,24
4634,17
946,22
3865,14
6105,23
7484,1
8836,3
259,12
6872,4
3476,2
1384,4
278,6
113,5
2266,9
3609,15
9737,13
5806,20
4309,15
1026,24
1850,3
350,25
6920,10
6199,6
3669,25
6012,23
6038,3
7574,16
2302,16
5539,5
5803,15
587,18
2642,15
6789,22
6842,1
3725,9
311,11
7302,23
7873,21
267,3
3475,14
242,1
4895,10
255,23
1388,14
4370,14
818,6
5120,14
4625,20
5785,25
5127,1
3612,21
6009,1
762,3
4063,1
161,16
6882,16
4151,11
2620,13
5429,15
7368,15
3932,21
3819,20
7940,15
2612,18
5569,10
2828,12
2356,24
8074,25
4239,25
2125,15
5075,24
2010,20
6481,10
7794,1
709,21
5016,7
420,18
1570,20
8782,6
6865,21
9941,5
371,21
8669,22
3383,23
446,13
8083,23
9674,16
230,21
8011,13
7064,21
1104,24
9887,19
4541,13
2049,5
5451,16
4740,24
3420,13
6950,9
7018,15
2988,24
9556,6
8040,3
708,6
3276,1
1214,14
4113,12
6093,10
103,19
1139,24
5695,18
2056,25
6370,3
7243,5
3817,5
7339,16
175,3
3986,13
9137,5
2044,20
335,18
2364,23
6069,23
5477,9
9302,8
5361,2
6214,3
9664,21
3543,18
2877,9
7605,3
8489,16
8105,11
4909,8
8806,1
4396,9
8360,18
5366,10
3610,7
829,2
7361,20
8276,14
5800,25
6748,25
7145,15
1831,5
9542,8
7212,4
4648,4
4602,9
9040,3
5836,7
9267,1
6799,12
545,6
1138,13
5942,5
2082,20
7636,2
1237,15
8616,17
4468,9
7427,18
83,6
3282,8
5242,15
77,1
6559,5
8438,7
449,24
4108,20
6236,20
4284,24
9146,18
4285,7
7626,2
5069,13
6768,23
9343,19
6992,4
2964,14
9667,13
2480,5
5097,5
9508,18
8914,7
4615,10
6996,14
786,16
4841,24
7987,21
6643,14
8095,6
7983,2
7004,2
515,21
1746,22
24,3
5413,4
6493,19
8447,6
2731,6
5825,20
9180,3
9067,3
777,12
2470,9
7262,16
1048,4
2059,24
3457,17
951,25
4117,15
369,14
1311,14
8844,22
4443,2
4686,12
8902,1
4412,9
5945,7
5840,19
3921,21
7994,18
826,8
560,18
6827,10
6408,19
8102,16
5698,23
7443,2
8611,22
6135,24
9140,2
5192,20
5855,23
3834,11
9020,13
6924,13
2177,15
1867,15
3269,14
250,6
6641,11
5054,3
3143,9
4954,14
5900,24
2705,4
6946,5
5483,23
9629,11
7834,8
8739,11
6534,4
1484,9
3406,9
9177,1
832,21
5686,8
4228,5
620,6
4125,22
908,18
4012,9
3045,16
2003,19
7471,10
5670,10
802,12
2975,24
4715,23
9973,14
3372,21
1348,20
3189,15
9203,3
9225,1
7119,8
4958,7
7805,12
3510,22
5552,5
9347,1
2242,9
2880,22
3301,20
5074,25
5313,15
9435,9
7282,2
6670,3
4150,4
9677,13
3660,2
5852,19
3180,20
4415,5
8435,23
9042,6
5078,20
6417,4
2869,15
9961,16
1678,20
9958,4
744,18
6840,21
4389,24
78,16
891,17
4805,10
2954,16
5396,6
608,13
1228,24
739,7
3262,4
6318,5
7900,21
8876,7
3436,12
8023,16
9607,18
7934,11
4205,16
7806,21
2926,5
4863,7
3846,14
5865,10
3498,15
7610,1
1069,12
5342,5
9059,21
8818,21
5256,5
850,23
7784,12
2925,23
2948,21
2272,16
5873,5
2131,22
231,16
5807,14
5923,16
3215,17
53,20
5704,22
7076,5
5153,9
3055,7
8911,6
2385,14
3226,3
863,17
3029,10
6354,23
5056,14
5437,4
5770,25
2348,15
7865,11
4640,10
7977,6
3331,7
5530,20
6858,5
1436,9
3453,13
3862,4
4543,15
8208,11
5076,25
9275,17
749,6
7306,13
4482,11
3044,12
4512,15
8407,18
499,11
4282,24
8396,13
7760,21
5358,11
1896,13
143,23
3174,9
8404,16
4919,10
5128,19
7030,20
7385,14
8145,7
5247,8
6515,23
2859,21
2578,22
9868,11
2360,14
5953,24
7560,2
843,7
8464,16
4268,25
3323,12
6963,4
3658,23
1373,9
6415,15
4637,10
6695,20
7043,10
8151,4
3747,25
5517,4
4588,6
1999,22
1971,4
1764,24
3579,23
9923,3
7000,9
6819,22
5029,19
5047,19
1515,20
1141,20
9489,22
9762,11
8457,16
972,5
8069,11
3756,22
4524,2
9404,1
370,10
2502,10
3258,20
8797,25
4513,4
8974,23
7782,3
4467,3
1224,10
9759,11
148,15
12,1
4198,25
4033,7
9959,9
9597,16
7546,6
5525,10
2959,20
788,6
6136,10
3065,5
7174,17
555,18
2843,24
6324,15
7203,14
789,21
4789,24
1664,7
3827,5
1460,9
1189,4
8618,6
9044,6
3,24
4517,24
3130,14
7418,8
6630,14
4879,10
3877,17
6564,18
5666,9
3915,14
6304,17
537,18
8384,11
7057,23
7716,21
932,14
8051,21
3305,23
3087,10
8236,13
4681,7
7021,1
310,11
2060,14
2892,2
3780,5
3117,20
86,11
2719,25
1480,5
7118,15
5601,24
989,9
1839,3
304,15
6312,15
5328,2
4426,11
2343,1
6133,23
7662,6
58,18
6264,5
5238,1
5261,13
3993,16
4733,19
6548,13
480,7
1182,19
2615,5
3139,20
1324,19
2884,13
8115,24
1620,5
3164,16
229,13
9198,14
5472,4
2015,10
7963,12
9500,6
7209,15
7721,6
7642,23
415,2
4251,6
7708,22
9349,16
1593,12
437,6
5557,6
6659,20
3124,24
6964,13
2228,23
1371,3
2240,20
5359,2
7337,9
7316,23
9882,17
9573,7
3265,10
2741,17
95,7
2460,1
5452,17
1980,4
9117,11
1707,7
7261,22
4664,20
1882,10
2690,12
2238,17
6645,4
1477,4
3343,13
8029,1
9416,11
7211,18
1458,15
3726,14
7006,9
9456,1
5929,14
5157,10
6668,19
776,1
6146,10
3705,5
5586,3
8660,21
441,14
9879,8
6221,8
7248,17
8059,2
504,21
9006,1
1876,2
5622,16
1121,4
5672,25
676,16
4439,9
8725,1
7292,6
6080,5
7267,9
1708,5
2330,10
1082,5
125,11
7820,1
6573,18
5149,8
694,23
4141,20
4995,8
9335,18
122,16
2146,5
9970,18
7015,9
3632,20
2614,24
7050,21
8210,6
2263,22
1031,4
5132,1
3940,15
5455,14
8409,1
8515,3
5444,18
5997,1
8141,3
6919,17
5532,3
2365,25
8819,11
5526,20
8778,24
9808,22
640,11
5142,22
3135,8
342,1
4573,10
8322,1
6535,4
4261,15
1578,9
4200,6
1803,4
2126,15
9396,13
3958,3
8025,16
2724,20
8188,21
509,1
2021,17
126,13
1681,15
9558,24
4252,11
6873,20
3485,5
6688,10
309,21
5727,5
2438,14
187,3
9294,11
578,10
349,6
7320,25
4739,4
9095,9
9519,6
8399,16
5135,25
8942,8
5916,20
3038,17
380,25
6993,18
3286,17
8541,11
2806,17
7777,23
4495,16
3101,15
4351,18
3982,5
4734,1
7139,18
9733,11
1286,22
4003,20
7153,10
5460,14
1444,3
2554,13
2344,20
5448,14
7357,9
5433,16
2712,10
9110,21
874,25
8206,11
8451,17
1490,2
7819,1
4497,9
6888,18
1402,12
7682,5
3268,22
8512,22
6678,15
7258,12
1954,15
3893,11
4092,20
9933,1
2823,7
5050,24
1284,12
276,23
2976,6
2414,8
9424,7
1202,17
7285,7
2557,11
424,19
9382,8
8122,8
9800,18
2231,14
6249,17
1671,7
3012,23
6365,13
9024,13
9380,11
8600,18
1994,25
4354,13
6834,25
9830,6
305,21
2458,15
9309,6
9201,7
8984,11
3332,24
9761,6
6479,10
589,22
9906,24
4413,25
9082,6
966,7
3751,21
4694,12
6217,1
8301,13
5736,14
7331,7
1046,2
4561,6
2260,20
7856,11
5581,20
4765,7
3141,10
355,6
2441,9
8821,6
8692,16
3675,15
6292,20
5290,10
521,18
2862,19
2314,18
5252,3
2466,21
198,9
9701,6
9105,12
9765,16
7225,8
9176,6
5710,22
8569,6
8633,23
1004,13
7791,8
1606,8
9640,23
4574,25
5642,19
4166,5
3131,2
2779,18
1653,25
4624,24
8721,22
4701,14
1874,4
4503,15
7567,11
5382,21
4099,4
3129,20
4139,14
7425,22
8390,3
8203,2
6646,1
979,22
9763,16
2019,25
1430,13
7781,18
7736,22
8323,6
3692,19
7684,23
1635,22
2200,9
1500,25
6435,9
8418,1
3328,16
7511,15
2383,12
8705,16
3903,15
7958,23
1320,9
10000,21
9168,3
5827,23
2325,8
2042,14
9200,9
3097,8
6153,25
3399,23
7504,24
8179,1
7496,12
3874,10
899,22
1112,18
6701,9
5823,20
924,20
5411,25
3590,5
5495,23
9087,1
9676,9
7034,13
1002,25
2035,25
30,13
8978,23
9049,11
9513,8
5776,5
9596,1
1018,4
9077,8
2219,20
5467,4
201,11
3549,13
6274,24
7234,24
4696,20
6604,5
4905,4
663,13
1846,24
4193,18
804,3
9866,6
2771,4
8989,13
931,15
878,25
2353,9
6703,11
6561,13
4378,13
7073,15
447,17
4889,14
9111,23
4534,25
8047,7
8967,6
3909,15
6652,17
2629,16
7359,12
8044,19
856,12
2264,13
9712,15
1126,19
5060,22
3944,18
5395,10
4164,10
5809,2
5694,14
1101,24
7950,12
2378,1
4562,15
4161,22
8173,14
3569,15
3620,8
5352,21
2258,25
1403,17
468,6
2663,19
2850,2
1854,2
5104,25
9919,9
7046,21
5523,18
7992,23
4865,23
431,21
6436,10
2070,17
1077,22
9116,8
8277,18
2977,1
9452,21
3691,7
4776,5
5118,3
964,19
4506,9
9061,3
1774,9
3720,12
2709,20
5620,15
6422,12
9229,11
1728,25
8056,15
8755,4
2713,14
3682,10
6451,17
9939,14
3079,14
5606,25
327,13
5345,3
9685,21
1174,4
8820,1
1195,17
5046,3
7233,14
3334,12
5967,6
7638,7
7070,17
7301,1
9972,14
9169,22
9889,13
713,23
2683,10
9255,2
3738,20
8402,12
3315,6
5216,23
9292,16
4924,25
1966,15
4824,10
3111,15
8381,21
8171,24
322,18
7710,2
4409,14
154,5
6914,12
9167,8
4116,18
5254,4
7656,11
1254,15
286,9
1739,9
7072,5
4022,8
7661,1
4505,19
8091,11
3300,22
5373,17
2261,24
3584,1
2288,15
2390,20
3173,6
585,1
294,17
9226,11
1638,25
4791,25
8482,18
6484,16
1080,10
8062,6
8544,6
5176,25
4319,14
9398,13
81,21
1057,2
8657,6
7115,13
5897,13
8468,24
4627,12
6786,19
4507,6
3757,13
6942,24
5162,22
9606,23
4176,4
8733,22
2794,19
8397,10
5281,14
9982,1
7658,1
5150,23
6883,1
547,1
1529,25
8087,8
7591,14
215,3
3167,19
7914,13
4173,10
8002,9
5432,5
4422,7
4952,5
1021,2
9603,24
4877,5
2101,12
7453,7
9280,8
185,22
9716,13
2267,12
5789,15
5783,19
8433,18
7190,23
4959,9
8501,11
7896,6
2511,24
9659,1
6726,17
3654,12
8465,1
6814,5
6614,10
5735,21
7750,21
2209,19
1658,5
3578,18
18,8
6226,5
627,6
8224,1
653,8
3709,15
1740,24
8953,21
8562,19
2858,6
3492,12
2493,1
551,13
315,6
3410,8
6241,9
2201,8
9621,6
7362,10
8875,12
8116,2
512,21
8910,4
9956,2
2176,12
2666,12
2259,4
5471,13
5700,25
5073,18
2358,19
3016,25
8245,21
1092,2
4362,20
3542,15
2773,24
5203,5
1549,2
4360,17
4188,1
5019,15
1929,17
227,8
6859,20
7606,16
912,22
4135,6
6273,20
1879,18
5045,3
5937,16
1543,12
7787,6
8810,3
3626,5
7363,18
232,16
70,23
4390,4
2120,24
6581,15
733,3
7318,14
2613,7
2993,14
643,1
6605,15
761,23
8060,17
9955,3
8642,10
6647,20
3553,15
3788,14
3886,11
3684,15
5279,9
1755,8
7172,10
1842,19
6854,8
1699,19
7270,23
1059,22
6839,16
5881,10
3695,23
1321,5
5752,12
2518,25
2427,13
5728,19
2973,16
9968,3
1943,22
5682,17
9784,11
6847,16
3513,22
6046,4
6403,5
9643,14
6723,7
1704,2
7912,12
9272,17
330,9
3604,12
9245,23
28,17
4321,20
8228,6
9564,1
3997,14
7585,18
8235,8
8846,23
6540,15
9054,6
3931,16
2065,9
9992,14
5321,11
3061,18
1032,2
7506,19
9376,6
4023,10
3591,7
228,13
7170,9
625,13
7695,6
4868,10
748,16
1070,19
8423,15
7935,16
1865,22
5310,19
6781,6
3376,10
9945,6
5094,7
6927,25
7328,20
4110,25
6188,10
383,16
2472,14
4600,10
3057,25
8822,11
124,8
1023,2
5832,25
6427,6
7252,8
1131,12
5070,4
3253,22
8257,3
6350,24
55,12
8659,6
2461,16
1136,10
6240,25
5732,3
2627,2
9914,11
6902,14
8393,7
9135,25
2191,20
3346,23
20,23
5793,5
2433,8
910,5
614,5
3424,2
8296,6
7083,16
4631,20
4578,14
1478,4
4605,25
204,6
74,1
3242,25
7970,21
5168,20
7816,18
3193,20
8826,23
14,7
6187,25
8928,1
7283,4
5057,16
6666,15
1163,14
6234,15
7061,9
1516,17
8718,23
2372,14
1099,15
6480,9
5661,19
1536,14
3868,4
9153,16
4941,1
1968,10
481,3
9757,6
6019,19
2509,23
6988,25
8552,6
6387,17
5428,17
5771,2
5466,25
6053,5
7343,23
8653,6
8120,10
3230,25
9625,16
9624,16
5867,9
9423,6
9436,17
5554,6
3377,13
316,11
2813,5
4526,10
1107,20
1580,22
7093,9
280,11
1442,25
4787,20
4758,6
3105,20
4885,4
6374,7
5573,3
2697,24
5329,8
6650,25
5888,14
8017,16
9224,1
9892,19
9459,9
5487,8
8475,3
9036,6
3366,2
840,23
4873,15
1241,15
4630,4
4831,18
3848,20
8382,11
5278,15
174,23
5755,10
4621,17
4437,1
889,5
2635,9
3930,19
2341,14
5425,8
994,15
8218,6
8970,12
9072,23
1913,7
9289,8
9368,1
6785,13
271,18
7380,13
502,16
9617,18
7673,18
4532,12
8745,1
8439,7
4299,20
6719,13
3411,8
6685,8
393,6
6050,12
6492,10
8635,23
2307,18
5533,20
1904,5
3508,19
5330,12
3942,10
4279,3
9949,6
248,2
5910,24
885,24
3199,25
2595,11
2380,4
9283,8
3169,6
8136,13
8706,21
9483,18
1341,5
1562,19
3630,3
4180,24
4210,17
7748,8
283,6
36,1
4528,5
9344,11
8917,13
5534,2
7029,6
9000,21
1597,7
1422,25
3287,7
6487,2
680,21
1715,7
9293,16
5669,12
1383,20
9774,23
5239,3
6567,12
4086,25
9947,1
2918,5
3883,9
9704,18
9474,17
3891,4
2432,9
5646,15
1569,8
6263,5
2016,4
6143,15
2085,10
1613,19
4782,20
1563,15
9493,7
6850,13
3440,5
9240,18
8387,14
4535,13
3125,2
2111,9
7383,20
5705,23
8637,14
7350,10
9490,23
8852,21
8308,3
9263,16
9379,16
4148,24
1203,4
8195,24
9812,3
755,6
3225,20
3035,21
4802,7
4246,11
2783,17
2346,5
7447,4
9330,12
8232,13
5189,25
8495,6
2897,18
5424,5
6634,7
7053,18
8999,1
8191,13
9787,22
916,15
4194,7
7609,21
4518,21
1537,15
9946,6
6440,14
5500,24
7945,3
6520,20
505,21
7578,11
7766,16
5551,18
3295,16
5492,7
2377,15
2819,10
3318,8
7273,22
1745,14
2149,25
8652,1
2024,20
8761,18
1962,5
6803,12
2197,17
3355,24
1115,20
4629,18
2289,6
4403,11
5275,15
3650,1
9299,21
7789,6
3594,10
4202,17
7069,15
2138,24
718,16
5422,15
8851,16
2970,2
3681,19
9540,23
1128,9
7535,6
6631,17
4074,24
6430,21
568,25
8057,6
1125,19
1296,9
2305,21
5043,16
6596,12
669,16
9188,18
4090,3
3120,13
4418,5
236,1
5943,5
8036,21
1277,9
5335,6
868,20
4158,4
6808,4
7452,20
6513,15
962,24
4114,2
4262,20
8904,16
2317,18
1109,24
9113,14
6077,7
1187,4
9537,16
1193,19
6661,19
8699,21
696,8
8931,1
5141,10
3114,10
4775,7
241,21
2868,13
5848,18
9389,13
4955,5
3430,17
7416,25
4663,14
6541,10
4819,8
8124,8
2716,17
1269,2
8214,23
2154,20
4140,24
9776,8
9466,9
4424,6
859,5
